NAME,LATITUDE,LONGITUDE,ADDRESS_MYENV,DESCRIPTION_MYENV,ADDRESSTYPE,ADDRESSBLOCKHOUSENUMBER,ADDRESSFLOORNUMBER,ADDRESSUNITNUMBER,ADDRESSSTREETNAME,ADDRESSPOSTALCODE,ADDRESSBUILDINGNAME,REGION,PHOTOURL,STATUS,RNR_STATUS,APPROXIMATE_GFA,AWARDED_DATE,CLEANINGENDDATE,CLEANINGSTARTDATE,DESCRIPTION,EST_ORIGINAL_COMPLETION_DATE,FMEL_UPD_D,HUP_COMPLETION_DATE,HYPERLINK,IMPLEMENTATION_DATE,INC_CRC,INFO_ON_CO_LOCATORS,LANDXADDRESSPOINT,LANDYADDRESSPOINT,NO_OF_FOOD_STALLS,NO_OF_MARKET_STALLS,point_lat,point_lon
Bedok North Street 4 Blk 85 (85 Fengshan Centre),,,"Blk 85, Bedok North Street 4, Singapore 460085",,I,85,,,Bedok North Street 4,460085,,,http://www.nea.gov.sg/images/default-source/Hawker-Centres-Division/resize_1267853253145.jpg,Existing,,,,,,HUP Standard Upgrading,30/6/1977,20210330151704,20/12/2012,,,CFC780A1B5DC7721,,39731.49,34910.13,,,1.33198706861747,103.938732580554
Redhill Lane Blk 85 (Redhill Food Centre),,,"Blk 85, Redhill Lane, Singapore 150085",,I,85,,,Redhill Lane,150085,,,http://www.nea.gov.sg/images/default-source/Hawker-Centres-Division/resize_1262153717849.jpg,Existing,,,,,,HUP Reconfiguration,4/4/1972,20210330151704,17/6/2005,,,1D515CA502CE0A60,,26332.89,29972.02,,,1.28733076703987,103.818338919994
Sembawang Hills Food Centre (Jalan Leban Food Centre),,,"590, Upper Thomson Road, Singapore 574419",,I,590,,,Upper Thomson Road,574419,,,http://www.nea.gov.sg/images/default-source/Hawker-Centres-Division/resize_1262155861677.jpg,Existing,,884.38,,,,HUP Standard Upgrading,1974,20210330151704,26/2/2003,,,6CC207917DD43B91,,27518.75,39376.87,,,1.37238494002145,103.828994204342
Serangoon Garden Market,,,"49A, Serangoon Garden Way, Singapore 555945",,I,49A,,,Serangoon Garden Way,555945,,,http://www.nea.gov.sg/images/default-source/Hawker-Centres-Division/resize_1262156095817.jpg,Existing,,2448.2,,,,HUP Rebuilding,1957,20210330151704,26/9/2002,,,F3EA4B58784B2F78,,31719.13,38356.53,,,1.3631571201113,103.866737484646
Shunfu Road Blk 320 (Shunfu Mart),,,"Blk 320, Shunfu Road, Singapore 570320",,I,320,,,Shunfu Road,570320,,,http://www.nea.gov.sg/images/default-source/Hawker-Centres-Division/resize_1259901832200.jpg,Existing,,,,,,Not eligible for HUP,25/5/2000,20210330151704,,,,93EF4005DC826C1A,,28413.24,37123.63,,,1.35200744198417,103.837031803823
Sims Place Blk 49 (Sims Vista Market and Food Centre),,,"Blk 49, Sims Place, Singapore 380049",,I,49,,,Sims Place,380049,,,http://www.nea.gov.sg/images/default-source/Hawker-Centres-Division/resize_1262153128123.jpg,Existing,,,,,,HUP Reconfiguration,20/9/1976,20210330151704,15/11/2006,,,87604B5AB1B25468,,33130.31,33261.95,,,1.31708335109103,103.879417030673
Smith Street Blk 335 (Chinatown Complex Market),,,"Blk 335, Smith Street, Singapore 050335",,I,335,,,Smith Street,50335,,,http://www.nea.gov.sg/images/default-source/Hawker-Centres-Division/resize_1265168178798.jpg,Existing,,,,,,HUP Reconfiguration,31/5/1983,20210330151704,30/4/2008,,,B4A7F7D00E4690FF,,29097.23,29408.57,,,1.28223514826381,103.843177616296
Taman Jurong Market and Food Centre,,,"3, Yung Sheng Road, Singapore 618499",,I,3,,,Yung Sheng Road,618499,,,http://www.nea.gov.sg/images/default-source/Hawker-Centres-Division/resize_1262156147897.jpg,Existing,,7770.3,,,,HUP Rebuilding,23/3/2005,20210330151704,23/3/2005,,,45EB3EEB56AAB21F,,15557.970000000001,35197.91,,,1.33458935951076,103.721519868629
Tampines Street 11 Blk 137 (Tampines Round Market and Food Centre),,,"Blk 137, Tampines Street 11, Singapore 521137",,I,137,,,Tampines Street 11,521137,,,http://www.nea.gov.sg/images/default-source/Hawker-Centres-Division/resize_1262154543785.jpg,Existing,,,,,,HUP Reconfiguration,30/11/1982,20210330151704,8/1/2006,,,F6017D5F1F34E420,,40387.13,36419.78,,,1.3456395210229,103.944624481151
Tanglin Halt Market,,,"48A, Tanglin Halt Road, Singapore 148813",,I,48A,,,Tanglin Halt Road,148813,,,http://www.nea.gov.sg/images/default-source/Hawker-Centres-Division/resize_1262156211794.jpg,Existing,,2030.92,,,,HUP Standard Upgrading,1964,20210330151704,1/10/2003,,,74052054BAD38DD9,,24027.71,31460.22,,,1.30078931480841,103.797625756738
Tanjong Pagar Plaza Blk 6 (Blk 6 Tanjong Pagar Plaza Market and Food Centre),,,"Blk 6, Tanjong Pagar Plaza, Singapore 081006",,I,6,,,Tanjong Pagar Plaza,81006,,,http://www.nea.gov.sg/images/default-source/Hawker-Centres-Division/blk-6-tanjong-pagar-plaza.jpg,Existing,,,,,,HUP Standard Upgrading,18/4/1977,20210330151704,27/12/2013,,,90C2DF39720A2465,,29096.05,28787.08,,,1.27661461066321,103.843166992138
Teban Gardens Road Blk 37A (Teban Gardens Market and Food Centre),,,"Blk 37A, Teban Garden Road, Singapore 601037",,I,37A,,,Teban Gardens Road,601037,,,http://www.nea.gov.sg/images/default-source/Hawker-Centres-Division/resize_1262153022672.jpg,Existing,,,,,,HUP Rebuilding,1/11/1976,20210330151704,3/1/2008,,,D50987C71DBF2D4C,,17936.37,33678.4,,,1.32084835041654,103.742891623681
Telok Blangah Crescent Blk 11 (11 Telok Blangah Crescent Market and Food Centre),,,"Blk 11, Telok Blangah Crescent, Singapore 090011",,I,11,,,Telok Blangah Crescent,90011,,,http://www.nea.gov.sg/images/default-source/Hawker-Centres-Division/resize_1267876741836.gif,Existing,,,,,,HUP Standard Upgrading,19/10/1974,20210330151704,15/1/2010,,,917DDC2AA52EDFBD,,26366.58,28870.260000000002,,,1.27736683810318,103.818641695106
Telok Blangah Drive Blk 79 (Telok Blangah Food Centre),,,"Blk 79, Telok Blangah Drive, Singapore 100079",,I,79,,,Telok Blangah Drive,100079,,,http://www.nea.gov.sg/images/default-source/Hawker-Centres-Division/resize_1262153497855.jpg,Existing,,,,,,HUP Standard Upgrading,30/5/1977,20210330151704,20/8/2005,,,47E27FD755A278B1,,25140.71,28428.13,,,1.27336828250285,103.807626838954
Telok Blangah Drive Blk 82 (Telok Blangah Market),,,"Blk 82, Telok Blangah Drive, Singapore 100082",,I,82,,,Telok Blangah Drive,100082,,,http://www.nea.gov.sg/images/default-source/Hawker-Centres-Division/resize_1262153608307.jpg,Existing,,,,,,HUP Standard Upgrading,30/5/1977,20210330151704,29/11/2011,,,1EB09A2246D74491,,25175.96,28488.45,,,1.27391379857001,103.807943567416
Telok Blangah Rise Blk 36 (Telok Blangah Rise Market),,,"Blk 36, Telok Blangah Rise, Singapore 090036",,I,36,,,Telok Blangah Rise,90036,,,http://www.nea.gov.sg/images/default-source/Hawker-Centres-Division/resize_1267858653663.jpg,Existing,,,,,,HUP Standard Upgrading,29/10/1975,20210330151704,20/10/2010,,,336A650EB617CFD9,,26753.38,28355.97,,,1.27271579716508,103.82211725658
Tiong Bahru Market,,,"30, Seng Poh Road, Singapore 168898",,I,30,,,Seng Poh Road,168898,,,http://www.nea.gov.sg/images/default-source/Hawker-Centres-Division/resize_1262156378375.jpg,Existing,,10630.72,,,,HUP Rebuilding,,20210330151704,10/2/2006,,,0FAB58D04F39DCE2,,27892.07,29724.05,,,1.28508825756819,103.832348785334
Toa Payoh Lorong 1 Blk 127 (Toa Payoh West Market and Food Court),,,"Blk 127, Lorong 1 Toa Payoh, Singapore 310127",,I,127,,,Lorong 1 Toa Payoh,310127,,,http://www.nea.gov.sg/images/default-source/Hawker-Centres-Division/resize_1262154499803.jpg,Existing,,,,,,HUP Reconfiguration,11/3/1969,20210330151704,11/12/2003,,,ED2DB7B7F7FA9EDB,,29270.15,35585.01,,,1.33809268551386,103.84473162196
Toa Payoh Lorong 4 Blk 74 (Toa Payoh Vista Market),,,"Blk 74, Lorong 4 Toa Payoh, Singapore 310074",,I,74,,,Lorong 4 Toa Payoh,310074,,,http://www.nea.gov.sg/images/default-source/Hawker-Centres-Division/resize_1262226848493.jpg,Existing,,,,,,HUP Reconfiguration,9/9/1968,20210330151704,1/11/2004,,,0F387A4AD9309826,,30078.95,35193.08,,,1.33454816495637,103.851999137527
Toa Payoh Lorong 4 Blk 93,,,"Blk 93, Lorong 4 Toa Payoh, Singapore 310093",,I,93,,,Lorong 4 Toa Payoh,310093,,,http://www.nea.gov.sg/images/default-source/Hawker-Centres-Division/resize_1262154305312.jpg,Existing,,,,,,HUP Standard Upgrading,19/7/1967,20210330151704,20/7/2009,,,8ED7D81782E22725,,29802.32,35627.26,,,1.3384747524617,103.849513484035
Toa Payoh Lorong 5 Blk 75,,,"Blk 75, Lorong 5 Toa Payoh, Singapore 310075",,I,75,,,Lorong 5 Toa Payoh,310075,,,http://www.nea.gov.sg/images/default-source/Hawker-Centres-Division/resize_1267878144152.jpg,Existing,,,,,,HUP Standard Upgrading,5/2/1968,20210330151704,21/11/2012,,,83FB95F62E5F0D57,,30183.83,35357.91,,,1.33603882157063,103.852941556275
Toa Payoh Lorong 7 Blk 22 (Kim Keat Palm Market and Food Centre),,,"Blk 22, Lorong 7 Toa Payoh, Singapore 310022",,I,22,,,Lorong 7 Toa Payoh,310022,,,http://www.nea.gov.sg/images/default-source/Hawker-Centres-Division/resize_1265168256123.jpg,Existing,,,,,,HUP Reconfiguration,2/3/1970,20210330151704,16/7/2004,,,E43A2111F5B01E10,,30639.5,35268.64,,,1.33523145909678,103.857036007166
Toa Payoh Lorong 8 Blk 210,,,"Blk 210, Lorong 8 Toa Payoh, Singapore 310210",,I,210,,,Lorong 8 Toa Payoh,310210,,,http://www.nea.gov.sg/images/default-source/Hawker-Centres-Division/resize_1267876959422.jpg,Existing,,,,,,HUP Standard Upgrading,27/8/1974,20210330151704,30/9/2011,,,AD6CE850AB875900,,30345.61,35824.76,,,1.3402608349586,103.854395279214
Upper Boon Keng Road Blk 17 (Blk 17 Upper Boon Keng Market and Food Centre),,,"Blk 17, Upper Boon Keng Road, Singapore 380017",,I,17,,,Upper Boon Keng Road,380017,,,http://www.nea.gov.sg/images/default-source/Hawker-Centres-Division/resize_1262226056435.jpg,Existing,,,,,,HUP Standard Upgrading,28/2/1974,20210330151704,13/1/2009,,,5A26A7AC10A29773,,32262.61,33034.67,,,1.31502804429519,103.871620273635
Upper Cross Street Blk 531A (Hong Lim Food Centre and Market),,,"Blk 531A, Upper Cross Street, Singapore 051531",,,531A,,,Upper Cross Street,51531,,,http://www.nea.gov.sg/images/default-source/Hawker-Centres-Division/resize_1267878882405.jpg,Existing,,,,,,HUP Reconfiguration,28/1/1978,20210330151704,9/3/2011,,,A6069393A97212DA,,29391.18,29741.54,,,1.28524640047048,103.845818885585
West Coast Drive Blk 502 (Ayer Rajah Market),,,"Blk 502, West Coast Drive, Singapore 120502",,I,502,,,West Coast Drive,120502,,,http://www.nea.gov.sg/images/default-source/Hawker-Centres-Division/resize_1265168297394.jpg,Existing,,,,,,Not eligible for HUP,19/1/1995,20210330151704,,,,2DBB0A9F6454B21E,,19747.53,32687.74,,,1.31188972115897,103.759166093858
West Coast Drive Blk 503 (Ayer Rajah Food Centre),,,"Blk 503, West Coast Drive, Singapore 120503",,I,503,,,West Coast Drive,120503,,,http://www.nea.gov.sg/images/default-source/Hawker-Centres-Division/resize_1265168322420.jpg,Existing,,,,,,HUP Standard Upgrading,26/3/1979,20210330151704,15/12/2002,,,7A279834C9D8C00D,,19812.66,32678.15,,,1.31180301004196,103.759751321019
Whampoa Drive Blk 90 (Whampoa Drive Makan Place/Whampoa Food Centre),,,"Blk 90, Whampoa Drive, Singapore 320090",,I,90,,,Whampoa Drive,320090,,,http://www.nea.gov.sg/images/default-source/Hawker-Centres-Division/resize_1262154207158.jpg,Existing,,,,,,HUP Standard Upgrading,26/8/1976,20210330151704,25/10/2007,,,16F08FA0DF20828F,,30428.25,33909.85,,,1.32294306204189,103.855137696535
Whampoa Drive Blk 91/92 (Whampoa Drive Makan Place/Whampoa Market),,,"Blk 91/92, Whampoa Drive, Singapore 320091/320092",,I,91/92,,,Whampoa Drive,320091,,,http://www.nea.gov.sg/images/default-source/Hawker-Centres-Division/resize_1262154257763.jpg,Existing,,,,,,HUP Standard Upgrading,3/1/1973,20210330151704,25/10/2007,,,38A4F531009B6C26,,30309.21,33962.78,,,1.32342175143826,103.85406806286
Yishun Park Hawker Centre,,,"Blk 51, Yishun Avenue 11, Singapore 768867",,,51,,,Yishun Avenue 11,768867,Yishun Park Hawker Centre,,http://www.nea.gov.sg/images/default-source/Hawker-Centres-Division/yishun-hawker-centre.jpg,Existing (new),,3364,23/10/2015,,,New Centre,3/7/2017,20210330151704,,,25/11/2015,2676B659B081726B,,29271.88,45196.73,,,1.42501763803265,103.844747581861
Yishun Ring Road Blk 104/105 (Chong Pang Market and Food Centre),,,"Blk 104/105, Yishun Ring Road, Singapore 760104/760105",,I,104/105,,,Yishun Ring Road,760104,,,http://www.nea.gov.sg/images/default-source/Hawker-Centres-Division/resize_1267438077554.jpg,Existing,,,,,,HUP Standard Upgrading,31/3/1984,20210330151704,4/8/2003,,,A75CB1D53B86E438,,27467.95,45907.73,,,1.43144768831222,103.828537609942
Zion Riverside Food Centre,,,"70, Zion Road, Singapore 247792",,I,70,,,Zion Road,247792,,,http://www.nea.gov.sg/images/default-source/Hawker-Centres-Division/resize_1267879560483.jpg,Existing,,1421.31,,,,HUP Standard Upgrading,1976,20210330151704,5/3/2003,,,41709ABECAA2B3FE,,27763.03,30526.15,,,1.29234216757957,103.831189303546
Margaret Drive Hawker Centre,,,,,,38A,,,Margaret Drive,142038,,,,Under Construction,#N/A,,11/5/2015,#N/A,#N/A,New Replacement Centre,2021,20210330151704,,,2/12/2015,C80F896924AB4FE9,hawker centre/branch office/supermarket/shops/flats,24816.7,31094.91,,,1.29748567106686,103.804715225285
Woodleigh Village Hawker Centre,,,,,,202C,,,Woodleigh Link,363202,Woodleigh Village,,,Under Construction,#N/A,,30/6/2017,#N/A,#N/A,New Centre,2022,20210330151704,,,21/7/2017,7729E118EB5F6F4B,hawker centre/flats/bus interchange,32314.87,35773.4,,,1.3397961360031,103.872090241567
Anchorvale Village Hawker Centre,,,,,,339,,,Anchorvale Road,,Anchorvale Village,,,Under Construction,#N/A,,27/4/2018,#N/A,#N/A,New Centre,2022,20210330151704,,,28/5/2018,F50A43DB63480EAC,hawker centre/supermarket/shops/flats,34139.8,42089.26,,,1.39691417603694,103.888489618777
Fernvale Hawker Centre and Market,,,,,,21,,,Sengkang West Avenue,797650,Fernvale Hub,,,Under Construction,#N/A,,30/7/2018,#N/A,#N/A,New Centre,2021,20210330151704,,,13/8/2018,E3AB7D1730F180F6,hawker centre/community club,32867.9,41500.770000000004,,,1.39159232727757,103.877060478847
One Punggol Hawker Centre,,,,,,,,,,,Punggol Town Hub,,,Under Construction,#N/A,,8/8/2018,#N/A,#N/A,New Centre,2022,20210330151704,,,29/8/2018,4780858D55778C5B,hawker centre/Regional Library/Senior Care Centre/Branch Office/Child Development Centre/Blood Collection Centre/Kidney Dialysis Centre/Childcare Centre,35955.520000000004,43336.13,,,1.40818996870647,103.904805657576
Punggol Digital District Hawker Centre,,,,,,,,,Ponggol Seventeenth Avenue,,,,,Under Construction,#N/A,,8/8/2019,#N/A,#N/A,New Centre,2024,20210330151704,,,21/8/2019,9EA0132C23FB47D4,hawker centre/community club/bus interchange/childcare centre/JTC industrial units,36339.12,44041.270000000004,,,1.41456688638677,103.908252830309
Senja Hawker Centre,,,,,,,,,Senja Road,,,,,Under Construction,#N/A,,11/12/2018,#N/A,#N/A,New Centre,2021,20210330151704,,,1/3/2019,90C65760DFF1739F,,19981.13,41006.57,,,1.38712226320812,103.76126288878
Bukit Batok Hawker Centre,,,,,,,,,Bukit Batok West Avenue 6,,,,,Under Construction,#N/A,,31/12/2020,#N/A,#N/A,New Centre,2024,20210330151704,,,21/1/2021,E3C2D628D3F2486F,hawker centre/flats,17817.9,37478.450000000004,,,1.35521457121361,103.741825836536
Market Street Hawker Centre,,,,,,50,,,Market Street,48940,CapitaSpring,,,Under Construction,#N/A,,17/7/2017,#N/A,#N/A,New Replacement Centre,2021,20201030102222,,,1/8/2017,DB83871DCC26698E,hawker centre/commercial space,29874.82,29650.7,,,1.2844248503218,103.850164578087
Buangkok Hawker Centre,,,,,,,,,Sengkang Central,,Sengkang Grand,,,Under Construction,#N/A,,18/9/2019,#N/A,#N/A,New Centre,2022,20201030102222,,,29/10/2019,0FFF4B5281FBBC71,hawker centre/community club/bus interchange/private residential and commercial units,34575.37,40482.99,,,1.38238755827879,103.892403203249
Bedok Reservoir Road Blk 630,,,"Blk 630, Bedok Reservoir Road, Singapore 470630",,I,630,,,Bedok Reservoir Road,470630,,,http://www.nea.gov.sg/images/default-source/Hawker-Centres-Division/resize_1262155176127.jpg,Existing,,,,,,HUP Rebuilding,30/6/1982,20210330151704,28/2/2006,,,BBA7FF2B2C2C130F,,36985,35039.64,,,1.33315924777343,103.91405388831
Bedok South Road Blk 16,,,"Blk 16, Bedok South Road, Singapore 460016",,I,16,,,Bedok South Road,460016,,,http://www.nea.gov.sg/images/default-source/Hawker-Centres-Division/resize_1267853021378.jpg,Existing,,,,,,HUP Standard Upgrading,12/5/1975,20210330151704,20/9/2012,,,483F3877120EF5AA,,39376.14,33645.7,,,1.32055216480957,103.93553909635
Bendemeer Road Blk 29 (Bendemeer Market and Food Centre),,,"Blk 29, Bendemeer Road, Singapore 330029",,I,29,,,Bendemeer Road,330029,,,http://www.nea.gov.sg/images/default-source/Hawker-Centres-Division/resize_1262226446535.jpg,Existing,,,,,,HUP Standard Upgrading,17/3/1971,20210330151704,31/12/2004,,,A7DB5A3E665DE46E,,31305.63,33497.85,,,1.31921699786807,103.863021377531
Beo Crescent Market,,,"38A, Beo Crescent, Singapore 169982",,I,38A,,,Beo Crescent,169982,,,http://www.nea.gov.sg/images/default-source/Hawker-Centres-Division/resize_1267807628554.jpg,Existing,,1733.074,,,,HUP Standard Upgrading,1965,20210330151704,18/1/2010,,,D232402B6D84FBBE,,27336.64,30136.920000000002,,,1.28882210205212,103.827358017197
Berseh Food Centre,,,"166, Jalan Besar, Singapore 208877",,I,166,,,Jalan Besar,208877,,,http://www.nea.gov.sg/images/default-source/Hawker-Centres-Division/resize_1265176120532.jpg,Existing,,2568.95,,,,HUP Standard Upgrading,1975,20210330151704,5/3/2004,,,A7CCEB2CA6AC0B4B,,30619.27,32184.16,,,1.30733651651517,103.856853966617
Boon Lay Place Blk 221A/B (Boon Lay Place Market and Food Village),,,"Blk 221A/B, Boon Lay Place, Singapore 641221/642221",,I,221A/B,,,Boon Lay Place,641221,,,http://www.nea.gov.sg/images/default-source/Hawker-Centres-Division/resize_1262154766447.jpg,Existing,,,,,,HUP Reconfiguration,2/1/1976,20210330151704,1/8/2004,,,84F8C2B46575585C,,14587.57,36373.79,,,1.3452231627967,103.712799765872
Buffalo Road Blk 665 (Tekka Centre/Zhu Jiao Market),,,"Blk 665, Buffalo Road, Singapore 210665",,I,665,,,Buffalo Road,210665,,,http://www.nea.gov.sg/images/default-source/Hawker-Centres-Division/resize_1262156313186.jpg,Existing,,,,,,HUP Standard Upgrading,31/10/1980,20210330151704,30/6/2009,,,D09ADF3409AC0894,,29915.58,32059.13,,,1.30620584090733,103.850530969624
Bukit Merah Central Blk 163 (Bukit Merah Central Food Centre),,,"Blk 163, Bukit Merah Central, Singapore 150163",,I,163,,,Bukit Merah Central,150163,,,http://www.nea.gov.sg/images/default-source/Hawker-Centres-Division/resize_1267851995788.jpg,Existing,,,,,,Opted out of HUP,5/5/1980,20210330151704,,,,16F0047A45BF34F9,,26183.03,29569.73,,,1.28369258928085,103.816992390295
Bukit Merah Lane 1 Blk 120 (Alexandra Village Food Centre),,,"Blk 120, Bukit Merah Lane, Singapore 150120",,I,120,,,Bukit Merah Lane 1,150120,,,http://www.nea.gov.sg/images/default-source/Hawker-Centres-Division/resize_1267852344747.jpg,Existing,,,,,,HUP Standard Upgrading,14/9/1978,20210330151704,15/11/2010,,,98A3C26D48032FF5,,24791.54,29857.81,,,1.28629777221659,103.804489277779
Bukit Merah View Blk 115 (Blk 115 Bukit Merah View Market and Food Centre),,,"Blk 115, Bukit Merah View, Singapore 151115",,I,115,,,Bukit Merah View,151115,,,http://www.nea.gov.sg/images/default-source/Hawker-Centres-Division/resize_1267851251303.jpg,Existing,,,,,,HUP Standard Upgrading,29/3/1973,20210330151704,28/2/2012,,,7A2BDBF505C0CC30,,26745.83,29770.11,,,1.28550478314618,103.822049361292
Bukit Panjang Hawker Centre,,,"2 Bukit Panjang Ring Road, Singapore 679947",,,2,,,Bukit Panjang Ring Road,679947,,,http://www.nea.gov.sg/images/default-source/Hawker-Centres-Division/bukit-panjang-hawker-centre.jpg,Existing (new),,4500,,,,New Centre,31/7/2015,20210330151704,,,,2FEB0DCC8CCF59D4,,21230.49,39953.67,,,1.37760053528611,103.772489583206
Bukit Canberra Hawker Centre,,,,,,,,,,,Bukit Canberra,,,Under Construction,#N/A,,1/5/2018,#N/A,#N/A,New Centre,2022,20210901151920,,,17/5/2018,DA1BB824290E5BA5,hawker centre/Town Sports and Recreational Centre/Primary Care Centre & Senior Care Centre,26784.850000000002,47872.53,,,1.44921660555282,103.822399230842
Market Street Interim Hawker Centre,,,"5, Cross Street, Singapore 048148",,,5,,,Cross Street,48418,Market Street Interim Hawker Centre,,http://www.nea.gov.sg/images/default-source/Hawker-Centres-Division/resize_1262225979894.jpg,Existing,,1817.18,,,,Interim Centre,24/5/2017,20210330151704,,,,2120FA820A4A9786,,29742.29,29337.86,,,1.28159564281228,103.848973726501
Marsiling Lane Blk 20/21,,,"Blk 20/21, Marsiling Lane, Singapore 730020/730021",,I,20/21,,,Marsiling Lane,730020,,,http://www.nea.gov.sg/images/default-source/Hawker-Centres-Division/resize_1262152527264.jpg,Existing,,,,,,HUP Standard Upgrading,15/9/1975,20210330151704,2/3/2009,,,F48BB5AA1CD92E13,,21755.23,47282.71,,,1.44388181695611,103.777203165702
Marsiling Mall Hawker Centre,,,"Blk 4,Woodlands St 12,Singapore 738623",,,4,,,Woodlands Street 12,738623,Marsiling Mall,,http://www.nea.gov.sg/images/default-source/Hawker-Centres-Division/mmhc.jpg,Existing (new),,3661,4/9/2015,,,New Replacement Centre,8/11/2017,20210330151704,,,1/1/2016,67D9A36B9A97AE82,hawker centre/supermarket/shops,22042.510000000002,46139.03,,,1.43353885680037,103.779784899996
Maxwell Food Centre (Kim Hua Market),,,"1, Kadayanallur Street, Singapore 069184",,I,1,,,Kadayanallur Street,69184,,,http://www.nea.gov.sg/images/default-source/Hawker-Centres-Division/resize_1262155734465.jpg,Existing,,3365.392,,,,Upgraded prior to HUP,1935,20210330151704,,,,FE75522D464BE5EA,,29280.89,29173.83,,,1.28011223513205,103.844827863123
Mei Chin Road Blk 159 (Mei Chin Road Market),,,"Blk 159, Mei Chin Road, Singapore 140159",,I,159,,,Mei Chin Road,140159,,,http://www.nea.gov.sg/images/default-source/Hawker-Centres-Division/resize_1262154581891.jpg,Existing,,,,,,HUP Reconfiguration,12/10/1970,20210330151704,8/5/2009,,,58C10BCC7F14A9E6,,24615.11,30625.03,,,1.29323622090658,103.802903901116
New Market Road Blk 32 (People's Park Food Centre),,,"Blk 32, New Market Road, Singapore 050032",,I,32,,,New Market Road,50032,,,http://www.nea.gov.sg/images/default-source/Hawker-Centres-Division/resize_1265168123284.jpg,Existing,,,,,,HUP Standard Upgrading,1965,20210330151704,27/12/2005,,,431889D30CA6E5AD,,29030.58,29713.3,,,1.28499102169498,103.842578750107
New Upper Changi Road Blk 208B,,,"Blk 208B, New Upper Changi Road, Singapore 462208",,I,208B,,,New Upper Changi Road,462208,,,http://www.nea.gov.sg/images/default-source/Hawker-Centres-Division/bedok-interchange-hawker-centre.jpg,Existing,,,,,,New Replacement Centre,15/11/2014,20210330151704,,,,03BAD66511FD945D,,38822.05,34108.62,,,1.32473884451035,103.93056047823
New Upper Changi Road Blk 58,,,"Blk 58, New Upper Changi Road, Singapore 461058",,I,58,,,New Upper Changi Road,461058,,,http://www.nea.gov.sg/images/default-source/Hawker-Centres-Division/resize_1262153263293.jpg,Existing,,,,,,HUP Standard Upgrading,27/2/1978,20210330151704,16/9/2008,,,57B99402997CB2CA,,39998.6,34047.74,,,1.32418782817919,103.941132372619
Newton Food Centre,,,"500, Clemenceau Ave North, Singapore 229495",,I,500,,,Clemenceau Ave North,229495,,,http://www.nea.gov.sg/images/default-source/Hawker-Centres-Division/resize_1262155777485.jpg,Existing,,3252.75,,,,HUP Standard Upgrading,1971,20210330151704,12/6/2006,,,A3E978497212B9F7,,28694.91,32687.91,,,1.31189235691653,103.839562687644
North Bridge Road Market,,,"861, North Bridge Road, Singapore 198783",,I,861,,,North Bridge Road,198783,,,http://www.nea.gov.sg/images/default-source/Hawker-Centres-Division/resize_1262155297184.jpg,Existing,,3004.63,,,,HUP Reconfiguration,1973,20210330151704,17/10/2005,,,3B33AC4CEF5F6B1C,,31402.43,32010.440000000002,,,1.30576537802761,103.863891012338
Old Airport Road Blk 51 (51 Old Airport Road Food Centre and Shopping Mall),,,"Blk 51, Old Airport Road, Singapore 390051",,I,51,,,Old Airport Road,390051,,,http://www.nea.gov.sg/images/default-source/Hawker-Centres-Division/resize_1262153198645.jpg,Existing,,,,,,HUP Standard Upgrading,17/2/1973,20210330151704,12/6/2007,,,49DC3EB4330D8E97,,33844.39,32285.39,,,1.30825156309798,103.885833217727
Our Tampines Hub,,,"1 Tampines Walk, Singapore 528523",,,1,,,Tampines Walk,528523,Our Tampines Hub,,http://www.nea.gov.sg/images/default-source/Hawker-Centres-Division/our-tampines-hub.jpg,Existing (new),,2241,7/5/2014,,,New Centre,6/8/2016,20210330151704,,,1/8/2013,17E2D59BE03D01F0,hawker centre/ community club  offices/regional library/heritage centre/swimming complex/sports facilities/branch hawker centre/office/national arts council/hometeam ns clubhouse/family medical centre/senior care centre,39841.96,37328.97,,,1.35386211773287,103.939726160039
Pasir Panjang Food Centre,,,"121, Pasir Panjang Road, Singapore 118543",,I,121,,,Pasir Panjang Road,118543,,,http://www.nea.gov.sg/images/default-source/Hawker-Centres-Division/resize_1262155813373.jpg,Existing,,1115.71,,,,HUP Standard Upgrading,1978,20210330151704,20/5/2002,,,311FCFFE66B6917D,,23335.09,28708.93,,,1.27590752450201,103.791402660553
Pasir Ris Central Hawker Centre,,,"Blk 110, Pasir Ris Central, Singapore 519641",,,110,,,Pasir Ris Central,519641,Pasir Ris Central Hawker Centre,,http://www.nea.gov.sg/images/default-source/Hawker-Centres-Division/pasir-ris-central-hawker-centre.jpg,Existing (new),,4771,15/7/2015,,,New Centre,16/10/2017,20210330151704,,,29/7/2015,0EC198F965C801F8,,41156.94,39493.21,,,1.37343413973246,103.951543034782
Queen Street Blk 270 (Albert Centre),,,"Blk 270, Queen Street, Singapore 180270",,I,270,,,Queen Street,180270,,,http://www.nea.gov.sg/images/default-source/Hawker-Centres-Division/resize_1267850253199.jpg,Existing,,,,,,HUP Standard Upgrading,7/8/1978,20210330151704,26/11/2009,,,0906CEDC0663C53A,,30325.21,31483.66,,,1.30100146521405,103.854211645499
Adam Road Food Centre,,,"2, Adam Road, Singapore 289876",,I,2,,,Adam Road,289876,,,http://www.nea.gov.sg/images/default-source/Hawker-Centres-Division/resize_1267437914368.jpg,Existing,,941.5,,,,HUP Standard Upgrading,1974,20210330151704,30/4/2002,,,EC26BEAC6FC68D04,,25868.4,34041.56,,,1.32413422253318,103.814165010384
Aljunied Ave 2 Blk 117 (Blk 117 Aljunied Market and Food Centre),,,"Blk 117, Aljunied Ave 2, Singapore 380117",,I,117,,,Aljunied Ave 2,380117,,,http://www.nea.gov.sg/images/default-source/Hawker-Centres-Division/resize_1262154437879.jpg,Existing,,,,,,HUP Standard Upgrading,15/9/1978,20210330151704,30/11/2005,,,AA7744C0BF961D25,,33976.33,33656.16,,,1.32064829234987,103.88701902611
Amoy Street Food Centre (Telok Ayer Food Centre),,,"National Development Building, Annex B, Telok Ayer Street, Singapore 069111",,I,,,,Telok Ayer Street,69111,National Development Building,,http://www.nea.gov.sg/images/default-source/Hawker-Centres-Division/resize_1265968760190.jpg,Existing,,3539,,,,HUP Standard Upgrading,1983,20210330151704,17/2/2003,,,81106E0569F14101,,29478.87,29075,,,1.27921844263269,103.846606784092
Ang Mo Kio Ave 1 Blk 226D (Kebun Baru Market and Food Centre),,,"Blk 226D, Ang Mo Kio Ave 1, Singapore 564226",,I,226D,,,Ang Mo Kio Ave 1,564226,,,http://www.nea.gov.sg/images/default-source/Hawker-Centres-Division/resize_1262154827180.jpg,Existing,,,,,,HUP Standard Upgrading,13/10/1976,20210330151704,20/1/2010,,,0177924BDD93F6F1,,28658.02,38757.950000000004,,,1.36678764523637,103.839231344066
Ang Mo Kio Ave 1 Blk 341 (Teck Ghee Court),,,"Blk 341, Ang Mo Kio Ave 1, Singapore 560341",,I,341,,,Ang Mo Kio Ave 1,560341,,,http://www.nea.gov.sg/images/default-source/Hawker-Centres-Division/resize_1275538105392.jpg,Existing,,,,,,HUP Rebuilding,1979,20210330151704,1/3/2002,,,07D7927BB122EA19,,29662.16,38461.340000000004,,,1.36410517096399,103.848254220438
Ang Mo Kio Ave 10 Blk 409 (Teck Ghee Square),,,"Blk 409, Ang Mo Kio Ave 10, Singapore 560409",,I,409,,,Ang Mo Kio Ave 10,560409,,,http://www.nea.gov.sg/images/default-source/Hawker-Centres-Division/resize_1275538704472.jpg,Existing,,,,,,HUP Standard Upgrading,31/7/1979,20210330151704,28/11/2011,,,6728AD9466975650,,30454.04,38313.590000000004,,,1.36276891777383,103.855369790045
Ang Mo Kio Ave 10 Blk 453A (Chong Boon Market and Food Centre),,,"Blk 453A, Ang Mo Kio Ave 10, Singapore 561453",,I,453A,,,Ang Mo Kio Ave 10,561453,,,http://www.nea.gov.sg/images/default-source/Hawker-Centres-Division/resize_1259902043777.jpg,Existing,,,,,,HUP Standard Upgrading,11/4/1979,20210330151704,1/1/2002,,,D0070B6740BA2459,,30563.28,38918.61,,,1.36824049310006,103.856351437414
Ang Mo Kio Ave 10 Blk 527 (Cheng San Market and Cooked Food Centre),,,"Blk 527, Ang Mo Kio Ave 10, Singapore 560527",,I,527,,,Ang Mo Kio Ave 10,560527,,,http://www.nea.gov.sg/images/default-source/Hawker-Centres-Division/resize_1265165592824.jpg,Existing,,,,,,HUP Reconfiguration,24/12/1979,20210330151704,21/2/2004,,,4658734009F689AC,,30355.32,39419.450000000004,,,1.37276992816898,103.854482811591
Ang Mo Kio Ave 4 Blk 160/162 (Mayflower Market),,,"Blk 160/162, Ang Mo Kio Ave 4, Singapore 560160/560162",,I,160/162,,,Ang Mo Kio Ave 4,560160,,,http://www.nea.gov.sg/images/default-source/Hawker-Centres-Division/resize_1265165416622.jpg,Existing,,,,,,HUP Standard Upgrading,30/6/1981,20210330151704,31/12/2008,,,546287EB6E4D82D7,,28656.12,39609.54,,,1.37448912101909,103.839214290038
Ang Mo Kio Ave 4 Blk 628 (Ang Mo Kio 628 Market),,,"Blk 628, Ang Mo Kio Ave 4, Singapore 560628",,I,628,,,Ang Mo Kio Ave 4,560628,,,http://www.nea.gov.sg/images/default-source/Hawker-Centres-Division/blk-628-ang-mo-kio-ave-4.jpg,Existing,,,,,,HUP Rebuilding,31/12/1979,20210330151704,16/12/2009,,,CE6A36B469B2B914,,28819.49,40332.23,,,1.38102486670548,103.840682307297
Ang Mo Kio Ave 6 Blk 724 (Blk 724 Ang Mo Kio Market),,,"Blk 724, Ang Mo Kio Ave 6, Singapore 560724",,I,724,,,Ang Mo Kio Ave 6,560724,,,http://www.nea.gov.sg/images/default-source/Hawker-Centres-Division/resize_1262155216756.jpg,Existing,,,,,,HUP Reconfiguration,31/1/1980,20210330151704,2/1/2008,,,8285869DC2133C35,,29469.07,39356.14,,,1.37219743270045,103.846519219268
Ang Mo Kio Street 22 Blk 226H (Kebun Baru Food Centre),,,"Blk 226H, Ang Mo Kio Street 22, Singapore 568226",,I,226H,,,Ang Mo Kio Street 22,568226,,,http://www.nea.gov.sg/images/default-source/Hawker-Centres-Division/resize_1259901689557.jpg,Existing,,,,,,HUP Reconfiguration,30/9/1976,20210330151704,13/12/2003,,,69908CB7FA26111C,,28738.350000000002,38806.88,,,1.36723014879667,103.839953165936
Bedok Food Centre,,,"1, Bedok Road, Singapore 469572",,I,1,,,Bedok Road,469572,,,http://www.nea.gov.sg/images/default-source/Hawker-Centres-Division/resize_1265176030572.jpg,Existing,,1081.18,,,,HUP Rebuilding,1971,20210330151704,6/2/2005,,,5074BAFF0FF40404,,41594.72,33624.11,,,1.32035600765426,103.955474150677
Bedok North Street 1 Blk 216,,,"Blk 216, Bedok North Street 1, Singapore 460216",,I,216,,,Bedok North Street 1,460216,,,http://www.nea.gov.sg/images/default-source/Hawker-Centres-Division/resize_1262154705733.jpg,Existing,,,,,,HUP Standard Upgrading,21/8/1979,20210330151704,15/12/2008,,,B8E4DB8C5DC40E07,,39118.19,34365.56,,,1.32706240888967,103.933221544751
Bedok North Street 3 Blk 511 (Kaki Bukit 511 Market and Food Centre),,,"Blk 511, Bedok North Street 3, Singapore 460511",,I,511,,,Bedok North Street 3,460511,,,http://www.nea.gov.sg/images/default-source/Hawker-Centres-Division/resize_1265166047112.jpg,Existing,,,,,,HUP Standard Upgrading,16/3/1979,20210330151704,1/7/2004,,,29D02D34F4826475,,38826.65,35049.33,,,1.33324627868937,103.930602144469
Bedok North Street 3 Blk 538,,,"Blk 538, Bedok North Street 3, Singapore 460538",,I,538,,,Bedok North Street 3,460538,,,http://www.nea.gov.sg/images/default-source/Hawker-Centres-Division/resize_1262227194623.jpg,Existing,,,,,,HUP Standard Upgrading,30/4/1979,20210330151704,3/12/2010,,,F1A5DD5A88C6320D,,38185.86,34887.31,,,1.33178125123252,103.924844235398
Redhill Lane Blk 79 (Redhill Market),,,"Blk 79, Redhill Lane, Singapore 150079",,I,79,,,Redhill Lane,150079,,,http://www.nea.gov.sg/images/default-source/Hawker-Centres-Division/resize_1262153664347.jpg,Existing,,,,,,HUP Reconfiguration,1/1/1969,20210330151704,28/6/2005,,,ECAC58C7830DA23E,,26339.98,30030.33,,,1.2878581025663,103.818402623449
Bukit Timah Market,,,"51, Upper Bukit Timah Road, Singapore 588215",,I,51,,,Upper Bukit Timah Road,588215,,,http://www.nea.gov.sg/images/default-source/Hawker-Centres-Division/resize_1265176195262.jpg,Existing,,3310.64,,,,HUP Standard Upgrading,1975,20210330151704,2/1/2003,,,FD4DDC8C44684285,,21620.5,35726.98,,,1.33937596351523,103.775995008012
Cambridge Road Blk 41A (Pek Kio Market and Food Centre),,,"Blk 41A, Cambridge Road, Singapore 211041",,I,41A,,,Cambridge Road,211041,,,http://www.nea.gov.sg/images/default-source/Hawker-Centres-Division/resize_1265166819326.jpg,Existing,,,,,,HUP Reconfiguration,18/12/1981,20210330151704,7/3/2003,,,FBD170F330300185,,29881.53,33159.8,,,1.31615991374589,103.850225081031
Changi Village Blk 2 and 3,,,"Blk 2/3, Changi Village Road, Singapore 500002/500003",,I,2&3,,,Changi Village Road,500002,,,http://www.nea.gov.sg/images/default-source/Hawker-Centres-Division/resize_1267846802175.jpg,Existing,,,,,,HUP Standard Upgrading,12/11/1975,20210330151704,28/12/2012,,,DC5973E8261726EB,,45241.4,41231.42,,,1.38915172065006,103.988245749103
Chomp Chomp Food Centre,,,"20, Kensington Park Road, Singapore 557269",,I,20,,,Kensington Park Road,557269,,,http://www.nea.gov.sg/images/default-source/Hawker-Centres-Division/resize_1262155330191.jpg,Existing,,613.55,,,,HUP Standard Upgrading,1972,20210330151704,31/3/2004,,,FD83AAB03A20C9C8,,31696.72,38475,,,1.36422852315868,103.866536130299
Ci Yuan Hawker Centre,,,"51 Hougang Avenue 9, Singapore 538776",,,51,,,Hougang Avenue 9,538776,,,http://www.nea.gov.sg/images/default-source/Hawker-Centres-Division/ci-yuan-hawker-centre.jpg,Existing (new),,2047.29,,,,New Centre,2/7/2015,20210330151704,,,,2AA90E9CB7222D3A,hawker centre/community club/family medicine clinic/senior care centre,33526.48,39713.520000000004,,,1.37542896666561,103.882977999397
Circuit Road Blk 79/79A,,,"Blk 79/79A, Circuit Road, Singapore 370079/371079",,I,79/79A,,,Circuit Road,370079,,,http://www.nea.gov.sg/images/default-source/Hawker-Centres-Division/resize_1280824598.jpg,Existing,,,,,,HUP Standard Upgrading,31/3/1971,20210330151704,11/5/2010,,,B1F15E00618BA3B5,,33756.46,34297.67,,,1.32644992167231,103.885043500019
Circuit Road Blk 80 (80 Circuit Road Market and Food Centre),,,"Blk 80, Circuit Road, Singapore 370080",,I,80,,,Circuit Road,370080,,,http://www.nea.gov.sg/images/default-source/Hawker-Centres-Division/resize_1262153912521.jpg,Existing,,,,,,HUP Reconfiguration,1/9/1967,20210330151704,22/2/2003,,,3BE7F742E98EBFE9,,33988.5,34452.44,,,1.32784956142548,103.887128535137
Circuit Road Blk 89,,,"Blk 89, Circuit Road, Singapore 370089",,I,89,,,Circuit Road,370089,,,http://www.nea.gov.sg/images/default-source/Hawker-Centres-Division/resize_1262154127554.jpg,Existing,,,,,,HUP Standard Upgrading,1/9/1967,20210330151704,8/4/2009,,,4EDE2CCE3A356895,,33801.62,33965.43,,,1.32344525333847,103.885449224256
Clementi Ave 2 Blk 353 (Clementi Ave 2 Market/Cooked Food Centre),,,"Blk 353, Clementi Ave 2, Singapore 120353",,I,353,,,Clementi Ave 2,120353,,,http://www.nea.gov.sg/images/default-source/Hawker-Centres-Division/resize_1267847852167.jpg,Existing,,,,,,HUP Standard Upgrading,26/1/1978,20210330151704,25/10/2012,,,42176A301ABBD91A,,21046.37,32961.71,,,1.31436772839327,103.770836740843
Clementi Ave 3 Blk 448,,,"Blk 448, Clementi Ave 3, Singapore 120448",,I,448,,,Clementi Ave 3,120448,,,http://www.nea.gov.sg/images/default-source/Hawker-Centres-Division/resize_1267848308255.jpg,Existing,,,,,,HUP Standard Upgrading,12/1/1980,20210330151704,29/10/2010,,,FDAC6B2723D97329,,20342.32,32839.78,,,1.31326486994113,103.764510533078
Clementi West Street 2 Blk 726,,,"Blk 726, Clementi West Street 2, Singapore 120726",,I,726,,,Clementi West Street 2,120726,,,http://www.nea.gov.sg/images/default-source/Hawker-Centres-Division/resize_1262155262246.jpg,Existing,,,,,,HUP Standard Upgrading,29/11/1980,20210330151704,26/11/2009,,,3B5F054B978C6724,,20314.9,31791.21,,,1.3037819726711,103.764264410293
Commonwealth Crescent Market,,,"31, Commonwealth Crescent, Singapore 149644",,I,31,,,Commonwealth Crescent,149644,,,http://www.nea.gov.sg/images/default-source/Hawker-Centres-Division/resize_1265167388780.jpg,Existing,,3040.58,,,,HUP Rebuilding,1965,20210330151704,18/8/2004,,,35C408FD964DAE7E,,24332.33,32135.05,,,1.3068922760844,103.800362825517
Commonwealth Drive Blk 1A/2A/3A (Tanglin Halt Food Centre/Commonwealth Drive Food Centre),,,"Blk 1A/ 2A/ 3A, Commonwealth Drive, Singapore 140001/140002/140003",,I,1A/2A/3A,,,Commonwealth Drive,141001,,,http://www.nea.gov.sg/images/default-source/Hawker-Centres-Division/commonwealth.jpg,Existing,,,,,,HUP Standard Upgrading,16/11/1981,20210330151704,15/1/2010,,,B823DC77E8881910,,24055.5,31341.24,,,1.29971330531884,103.797875477439
Dunman Food Centre,,,"271, Onan Road, Singapore 424768",,I,271,,,Onan Road,424768,,,http://www.nea.gov.sg/images/default-source/Hawker-Centres-Division/resize_1262155459807.jpg,Existing,,984,,,,HUP Standard Upgrading,1974,20210330151704,3/12/2002,,,5924E48967AD2F1B,,35624.14,32413.99,,,1.30941418731185,103.90182514721
East Coast Lagoon Food Village,,,"1220, East Coast Parkway, Singapore 468960",,I,1220,,,East Coast Parkway,468960,,,http://www.nea.gov.sg/images/default-source/Hawker-Centres-Division/resize_1262155504536.jpg,Existing,,3600.16,,,,HUP Rebuilding,1978,20210330151704,10/12/2003,,,1D6E51B459D243DC,,39318.07,32112.260000000002,,,1.30668431820832,103.935016747249
Empress Road Blk 7 (Empress Road Market and Food Centre),,,"Blk 7, Empress Road, Singapore 260007",,I,7,,,Empress Road,260007,,,http://www.nea.gov.sg/images/default-source/Hawker-Centres-Division/resize_1262152572393.jpg,Existing,,,,,,HUP Standard Upgrading,26/3/1976,20210330151704,2/12/2008,,,2DAAEFC79D87F782,,24919.24,33169.3,,,1.31624573118373,103.805636386821
Eunos Crescent Blk 4A,,,"Blk 4A, Eunos Crescent, Singapore 402004",,I,4A,,,Eunos Crescent,402004,,,http://www.nea.gov.sg/images/default-source/Hawker-Centres-Division/resize_1267873497497.jpg,Existing,,,,,,HUP Standard Upgrading,7/7/2000,20210330151704,30/3/2012,,,E0DC5CBB9268718E,,35895.18,33621.21,,,1.32033178221424,103.904260878989
Geylang Bahru Blk 69 (Blk 69 Geylang Bahru Market and Food Centre),,,"Blk 69, Geylang Bahru, Singapore 330069",,I,69,,,Geylang Bahru,330069,,,http://www.nea.gov.sg/images/default-source/Hawker-Centres-Division/blk-69-geylang-bahru.jpg,Existing,,,,,,Opted out of HUP,16/1/1974,20210330151704,,,,1CDA71371CC2DA75,,32082.77,33746.13,,,1.32146226027018,103.870004415152
Geylang Serai Market,,,"1, Geylang Serai, Singapore 402001",,I,,,,Geylang Serai,402001,,,http://www.nea.gov.sg/images/default-source/Hawker-Centres-Division/resize_1262155542468.jpg,Existing,,11534.9,,,,HUP Rebuilding,3/7/2009,20210330151704,3/7/2009,,,A247BF61FBD3E2E3,,35223.38,33222.72,,,1.3167281476983,103.898224315881
Ghim Moh Road Blk 20,,,"Blk 20, Ghim Moh Road, Singapore 270020",,I,20,,,Ghim Moh Road,270020,,,http://www.nea.gov.sg/images/default-source/Hawker-Centres-Division/resize_1267848628803.jpg,Existing,,,,,,Opted out of HUP,24/1/1977,20210330151704,,,,8A5C1B47E9725C03,,22982.14,32588.87,,,1.31099627311591,103.788230657145
Golden Mile Food Centre,,,"505, Beach Road, Singapore 199583",,I,505,,,Beach Road,199583,,,http://www.nea.gov.sg/images/default-source/Hawker-Centres-Division/resize_1262155571228.jpg,Existing,,6249.229,,,,HUP Standard Upgrading,1975,20210330151704,4/7/2002,,,68D2109268BB12D3,,31401.57,31690.89,,,1.30287548090781,103.863883249985
Haig Road Blk 13/14 (Haig Road Market and Cooked Food Centre),,,"Blk 13/14, Haig Road, Singapore 430013/430014",,I,13/14,,,Haig Road,430013,,,http://www.nea.gov.sg/images/default-source/Hawker-Centres-Division/resize_1267848993155.jpg,Existing,,,,,,HUP Reconfiguration,30/7/1977,20210330151704,4/8/2010,,,110148A54339D2AF,,34932.38,33047.33,,,1.3151420505272,103.895609494855
Havelock Road Blk 22A/B (Havelock Road Cooked Food Centre),,,"Blk 22A/B, Havelock Road, Singapore 161022/162022",,I,22A/B,,,Havelock Road,161022,,,http://www.nea.gov.sg/images/default-source/Hawker-Centres-Division/resize_1262152823428.jpg,Existing,,,,,,HUP Standard Upgrading,16/11/1969,20210330151704,27/4/2007,,,1CFBA3CBF816CC4F,,27589.14,30043.3,,,1.28797543998733,103.829626834637
Holland Drive Blk 44 (Holland Drive Market and Food Centre),,,"Blk 44, Holland Drive, Singapore 270044",,I,44,,,Holland Drive,270044,,,http://www.nea.gov.sg/images/default-source/Hawker-Centres-Division/resize_1267849222112.jpg,Existing,,,,,,HUP Standard Upgrading,31/1/1999,20210330151704,31/3/2014,,,A15ED2B9E5ED3A17,,23487.74,32270.57,,,1.30811775909823,103.792773765463
Holland Village Market and Food Centre,,,"1, Lorong Mambong, Singapore 277700",,I,1,,,Lorong Mambong,277700,,,http://www.nea.gov.sg/images/default-source/Hawker-Centres-Division/resize_1267415509849.jpg,Existing,,1512.38,,,,HUP Rebuilding,Pre-War,20210330151704,12/12/2005,,,69A5ED12F17FF1A2,,23720.25,32579.100000000002,,,1.31090802808558,103.794862936127
Hougang Ave 1 Blk 105 (Hougang 105 Hainanese Village Centre),,,"Blk 105, Hougang Ave 1, Singapore 530105",,I,105,,,Hougang Ave 1,530105,,,http://www.nea.gov.sg/images/default-source/Hawker-Centres-Division/resize_1259901634108.jpg,Existing,,,,,,HUP Rebuilding,30/6/1982,20210330151704,11/11/2005,,,47665F14287E07ED,,34317.020000000004,37326.05,,,1.35383739101169,103.890081064953
Hougang Street 21 Blk 209 (Kovan Hougang Market and Food Centre),,,"Blk 209, Hougang Street 21, Singapore 530209",,I,209,,,Hougang Street 21,530209,,,http://www.nea.gov.sg/images/default-source/Hawker-Centres-Division/resize_1267849628846.jpg,Existing,,,,,,HUP Standard Upgrading,30/9/1983,20210330151704,24/1/2011,,,5F6AEDB798290159,,33860.340000000004,37910.1,,,1.35911942212642,103.885977616903
Jalan Batu Blk 4A (Blk 4A Jalan Batu Hawker Centre/Market),,,"Blk 4A, Jalan Batu, Singapore 432004",,I,4A,,,Jalan Batu,432004,,,http://www.nea.gov.sg/images/default-source/Hawker-Centres-Division/resize_1267874223880.jpg,Existing,,,,,,HUP Standard Upgrading,3/1/1969,20210330151704,16/2/2012,,,551478E060A1C8F0,,33633.770000000004,31640.43,,,1.30241881353449,103.88394058022
Jalan Bukit Merah Blk 112 (Blk 112 Jalan Bukit Merah Market and Food Centre),,,"Blk 112, Jalan Bukit Merah, Singapore 160112",,I,112,,,Jalan Bukit Merah,160112,,,http://www.nea.gov.sg/images/default-source/Hawker-Centres-Division/resize_1267874698833.jpg,Existing,,,,,,HUP Standard Upgrading,1/1/1969,20210330151704,28/11/2013,,,F6CA40B9C5AB229D,,27186.98,29161.95,,,1.28000481198881,103.826013285715
Jalan Bukit Merah Blk 6 (ABC Brickworks Market/Food Centre),,,"Blk 6, Jalan Bukit Merah, Singapore 150006",,I,6,,,Jalan Bukit Merah,150006,,,http://www.nea.gov.sg/images/default-source/Hawker-Centres-Division/resize_1267760203.jpg,Existing,,,,,,HUP Reconfiguration,11/10/1974,20210330151704,11/8/2006,,,D9BD256FB27FC06C,,25196.5,29930.23,,,1.28695275198944,103.808127999318
Jalan Kukoh Blk 1 (Kukoh 21 Food Centre),,,"Blk 1, Jalan Kukoh, Singapore 161001",,I,1,,,Jalan Kukoh,161001,,,http://www.nea.gov.sg/images/default-source/Hawker-Centres-Division/resize_1267874440744.jpg,Existing,,,,,,HUP Standard Upgrading,21/1/1969,20210330151704,4/10/2010,,,8943084A1D332148,,28737.57,30071.510000000002,,,1.28823055540002,103.839945947186
Jurong East Ave 1 Blk 347 (Yuhua Market and Hawker Centre),,,"Blk 347, Jurong East Ave 1, Singapore 600347",,I,347,,,Jurong East Ave 1,600347,,,http://www.nea.gov.sg/images/default-source/Hawker-Centres-Division/resize_1275537901886.jpg,Existing,,,,,,HUP Standard Upgrading,17/10/1984,20210330151704,31/12/2002,,,6C864243CCBEA1C0,,16677.58,36383.57,,,1.34531247026793,103.731579747132
Jurong East Street 24 Blk 254 (Yuhua Village Market and Food Centre),,,"Blk 254, Jurong East Street 24, Singapore 600254",,I,254,,,Jurong East Street 24,600254,,,http://www.nea.gov.sg/images/default-source/Hawker-Centres-Division/resize_1265167615307.jpg,Existing,,,,,,HUP Reconfiguration,30/4/1983,20210330151704,5/7/2006,,,037A6F1E0D6FBE79,,17367.73,36176.73,,,1.34344213770991,103.737781231485
Jurong West Hawker Centre,,,"Blk 50, Jurong West St 61, Singapore 648202",,,50,,,Jurong West Street 61,648202,Jurong West Hawker Centre,,http://www.nea.gov.sg/images/default-source/Hawker-Centres-Division/jurong-west-hawker-centre.jpg,Under Construction,,2987,23/9/2015,,,New Centre,28/7/2017,20210330151704,,,15/10/2015,A85BCE9D8344CCD9,,12874.19,35935.62,,,1.3412597060095,103.697404254467
Jurong West Street 52 Blk 505,,,"Blk 505, Jurong West Street 52, Singapore 640505",,I,505,,,Jurong West Street 52,640505,,,http://www.nea.gov.sg/images/default-source/Hawker-Centres-Division/resize_1262155040710.jpg,Existing,,,,,,HUP Standard Upgrading,16/1/1985,20210330151704,2/1/2009,,,0AE38DCCD1264CB7,,15216.130000000001,36862.4,,,1.34964224318434,103.71844754363
Kallang Estate Fresh Market and Food Centre,,,"17, Old Airport Road, Singapore 397972",,I,17,,,Old Airport Road,397972,,,http://www.nea.gov.sg/images/default-source/Hawker-Centres-Division/resize_1262155698415.jpg,Existing,,2629.19,,,,HUP Standard Upgrading,1959,20210330151704,31/10/2003,,,2F0C253383E628A3,,33654.86,32190.8,,,1.30739616009942,103.884130183315
Kampung Admiralty Hawker Centre,,,"Blk 676, Woodlands Drive 71, Singapore 730676",,,676,,,Woodlands Drive 71,730676,Kampung Admiralty,,http://www.nea.gov.sg/images/default-source/Hawker-Centres-Division/kampung-admiralty-hawker-centre.jpg,Existing (new),,3440,17/10/2014,,,New Centre,8/5/2017,20210330151704,,,1/4/2014,8E56FA1F3FFB53FC,studio apartments/supermarket/shops/specialist centre/senior care centre/child care centre/senior activity centre,24369.66,46846,,,1.43993283228134,103.800696448529
Marine Parade Central Blk 84 (84 Marine Parade Central Market and Food Centre),,,"Blk 84, Marine Parade Central, Singapore 440084",,I,84,,,Marine Parade Central,440084,,,http://www.nea.gov.sg/images/default-source/Hawker-Centres-Division/resize_1267875360164.jpg,Existing,,,,,,Opted out of HUP,23/8/1976,20210330151704,,,,069C7A0A2A7BDE00,,36126.46,31625.71,,,1.30228513841822,103.906338526157
Marine Terrace Blk 50A (50A Marine Terrace),,,"Blk 50A, Marine Terrace, Singapore 441050",,I,50A,,,Marine Terrace,441050,,,http://www.nea.gov.sg/images/default-source/Hawker-Centres-Division/resize_1262153165514.jpg,Existing,,,,,,HUP Standard Upgrading,3/3/1975,20210330151704,22/12/2008,,,6834B49032645709,,37175.19,32011.65,,,1.30577514781108,103.915761950557
